{"cameraMode":{"drawMode":0,"name":"Shaded","section":"Shading Mode"},"sceneLighting":false,"audioPlay":false,"sceneViewState":{"showFog":true,"showMaterialUpdate":false,"showSkybox":false,"showFlares":true,"showImageEffects":true,"showParticleSystems":true},"in2DMode":false,"pivot":{"x":-0.552734375,"y":1.1758573055267335,"z":0.549258291721344},"rotation":{"x":0.13896963000297547,"y":-0.7017143368721008,"z":0.14255262911319734,"w":0.6842460036277771},"size":5.4656662940979,"orthographic":true}