{"cameraMode":{"drawMode":0,"name":"Shaded","section":"Shading Mode"},"sceneLighting":false,"audioPlay":false,"sceneViewState":{"showFog":true,"showMaterialUpdate":false,"showSkybox":false,"showFlares":true,"showImageEffects":true,"showParticleSystems":true},"in2DMode":false,"pivot":{"x":0.004211157560348511,"y":0.809999942779541,"z":0.03856801986694336},"rotation":{"x":0.11066175252199173,"y":-0.8725768327713013,"z":0.23250380158424378,"w":0.41538044810295107},"size":6.749729156494141,"orthographic":true}