{"cameraMode":{"drawMode":0,"name":"Shaded","section":"Shading Mode"},"sceneLighting":false,"audioPlay":false,"sceneViewState":{"showFog":true,"showMaterialUpdate":false,"showSkybox":false,"showFlares":true,"showImageEffects":true,"showParticleSystems":true},"in2DMode":false,"pivot":{"x":-0.8361002802848816,"y":2.1325550079345705,"z":-1.0237619876861573},"rotation":{"x":-0.11552264541387558,"y":-0.8600175380706787,"z":0.2236146777868271,"w":-0.444132924079895},"size":10.225224494934082,"orthographic":true}