{"cameraMode":{"drawMode":0,"name":"Shaded","section":"Shading Mode"},"sceneLighting":false,"audioPlay":false,"sceneViewState":{"showFog":true,"showMaterialUpdate":false,"showSkybox":false,"showFlares":true,"showImageEffects":true,"showParticleSystems":true},"in2DMode":false,"pivot":{"x":-0.7381106019020081,"y":0.5673910975456238,"z":-1.5966548919677735},"rotation":{"x":0.0925833061337471,"y":-0.8782638907432556,"z":0.18941357731819154,"w":0.4294620156288147},"size":5.7268242835998539,"orthographic":true}