{"cameraMode":{"drawMode":0,"name":"Shaded","section":"Shading Mode"},"sceneLighting":false,"audioPlay":false,"sceneViewState":{"showFog":true,"showMaterialUpdate":false,"showSkybox":false,"showFlares":true,"showImageEffects":true,"showParticleSystems":true},"in2DMode":false,"pivot":{"x":-0.8170265555381775,"y":2.811857223510742,"z":2.6011171340942385},"rotation":{"x":0.05124001204967499,"y":-0.890197217464447,"z":0.44094106554985049,"w":0.10356336086988449},"size":5.411354064941406,"orthographic":true}